sim_time,ID_3,ID_4
9.3125,,
71.109375,99.78053283691406,0.0
130.109375,99.59843444824219,44.6240234375
166.625,,
172.25,,
177.859375,,
183.484375,,
189.09375,,
194.71875,,
200.34375,,
205.953125,,
211.578125,,
217.1875,,
222.8125,,
228.4375,,
234.046875,,
239.671875,,
245.28125,,
256.515625,,
262.140625,,
267.765625,,
273.375,,
279.0,,
284.609375,,
290.234375,,
295.859375,,
301.46875,,
307.09375,,
312.703125,,
318.328125,,
323.953125,,
329.5625,,
335.1875,,
340.796875,,
346.421875,,
352.03125,,
357.65625,,
363.28125,,
368.890625,,
374.515625,,
380.125,,
385.75,,
391.375,,
396.984375,,
402.609375,,
408.21875,,
413.84375,,
419.453125,,
425.078125,,
436.3125,,
441.9375,,
447.546875,,
453.171875,,
458.796875,,
464.40625,,
470.03125,,
475.640625,,
481.265625,,
486.890625,,
492.5,,
498.125,,
503.734375,,
509.359375,,
514.96875,,
520.59375,,
526.21875,,
531.828125,,
537.453125,,
543.0625,,
548.6875,,
554.3125,,
559.921875,,
565.546875,,
571.15625,,
576.78125,,
582.390625,,
588.015625,,
593.640625,,
599.25,,
604.875,,
616.109375,,
621.734375,,
627.34375,,
632.96875,,
638.578125,,
644.203125,,
649.8125,,
655.4375,,
661.0625,,
666.671875,,
672.296875,,
677.90625,,
683.53125,,
689.15625,,
694.765625,,
700.390625,,
706.0,,
711.625,,
717.25,,
722.859375,,
728.484375,,
734.09375,,
739.71875,,
745.328125,,
750.953125,,
756.578125,,
762.1875,,
767.8125,,
773.421875,,
779.046875,,
784.671875,,
795.90625,,
801.515625,,
807.140625,,
812.75,,
818.375,,
824.0,,
829.609375,,
835.234375,,
840.84375,,
846.46875,,
852.09375,,
857.703125,,
863.328125,,
868.9375,,
874.5625,,
880.1875,,
885.796875,,
891.421875,,
897.03125,,
902.65625,,
908.265625,,
913.890625,,
919.515625,,
925.125,,
930.75,,
936.359375,,
941.984375,,
947.609375,,
953.21875,,
958.84375,,
964.453125,,
975.6875,,
981.3125,,
986.9375,,
992.546875,,
998.171875,,
1003.78125,,
1009.40625,,
1015.03125,,
1020.640625,,
1026.265625,,
1031.875,,
1037.5,,
1043.109375,,
1048.734375,,
1054.359375,,
1059.96875,,
1065.59375,,
1071.203125,,
1076.828125,,
1082.453125,,
1088.0625,,
1093.6875,,
1099.296875,,
1104.921875,,
1110.546875,,
1116.15625,,
1121.78125,,
1127.390625,,
1133.015625,,
1138.625,,
1144.25,,
1155.484375,,
1161.109375,,
1166.71875,,
1172.34375,,
1177.96875,,
1183.578125,,
1189.203125,,
1194.8125,,
1200.4375,,
1206.046875,,
1211.671875,,
1217.296875,,
1222.90625,,
1228.53125,,
1234.140625,,
1239.765625,,
1245.390625,,
1251.0,,
1256.625,,
1262.234375,,
1267.859375,,
1273.484375,,
1279.09375,,
1284.71875,,
1290.328125,,
1295.953125,,
1301.5625,,
1307.1875,,
1312.8125,,
1318.421875,,
1324.046875,,
1335.28125,,
1340.90625,,
1346.515625,,
1352.140625,,
1357.75,,
1363.375,,
1368.984375,,
1374.609375,,
1380.234375,,
1385.84375,,
1391.46875,,
1397.078125,,
1402.703125,,
1408.328125,,
1413.9375,,
1419.5625,,
1425.171875,,
1430.796875,,
1436.40625,,
1442.03125,,
1447.65625,,
1453.265625,,
1458.890625,,
1464.5,,
1470.125,,
1475.75,,
1481.359375,,
1486.984375,,
1492.59375,,
1498.21875,,
1503.84375,,
1515.078125,,
1520.6875,,
1526.3125,,
1531.921875,,
1537.546875,,
1543.171875,,
1548.78125,,
1554.40625,,
1560.015625,,
1565.640625,,
1571.265625,,
1576.875,,
1582.5,,
1588.109375,,
1593.734375,,
1599.34375,,
1604.96875,,
1610.59375,,
1616.203125,,
1621.828125,,
1627.4375,,
1633.0625,,
1638.6875,,
1644.296875,,
1649.921875,,
1655.53125,,
1661.15625,,
1666.78125,,
1672.390625,,
1678.015625,,
1683.625,,
1748.25,,
1810.046875,94.4135971069336,252.421875
1869.046875,94.23150634765625,252.698486328125
1928.03125,,
1989.84375,93.85868835449219,253.256591796875
2048.828125,93.6766357421875,253.528076171875
2107.828125,,
2169.625,93.30381774902344,254.070556640625
2228.625,93.1217269897461,254.32763671875
2287.625,,
2349.421875,92.74890899658203,254.8515625
2408.421875,92.56681823730469,255.104248046875
2467.40625,,
2529.21875,92.1939926147461,255.610595703125
2588.21875,92.01190185546875,255.851318359375
2647.203125,,
2709.015625,91.63908386230469,255.999755859375
2768.0,91.45703887939453,255.999755859375
2827.0,,
2888.796875,91.08422088623047,255.999755859375
2947.796875,90.90213012695312,255.999755859375
3006.796875,,
3068.59375,90.52930450439453,255.999755859375
3127.59375,90.34721374511719,255.999755859375
3186.578125,,
3220.296875,,
3225.921875,,
3231.53125,,
3237.15625,,
3242.765625,,
3254.0,,
3259.625,,
3265.25,,
3270.859375,,
3276.484375,,
3282.09375,,
3287.71875,,
3293.34375,,
3298.953125,,
3304.578125,,
3310.1875,,
3315.8125,,
3321.4375,,
3327.046875,,
3332.671875,,
3338.28125,,
3343.90625,,
3349.515625,,
3355.140625,,
3360.765625,,
3366.375,,
3372.0,,
3377.609375,,
3383.234375,,
3388.859375,,
3394.46875,,
3400.09375,,
3405.703125,,
3411.328125,,
3416.9375,,
3422.5625,,
3433.796875,,
3439.421875,,
3445.03125,,
3450.65625,,
3456.28125,,
3461.890625,,
3467.515625,,
3473.125,,
3478.75,,
3484.359375,,
3489.984375,,
3495.609375,,
3501.21875,,
3506.84375,,
3512.453125,,
3518.078125,,
3523.703125,,
3529.3125,,
3534.9375,,
3540.546875,,
3546.171875,,
3551.796875,,
3557.40625,,
3563.03125,,
3568.640625,,
3574.265625,,
3579.875,,
3585.5,,
3591.125,,
3596.734375,,
3602.359375,,
3613.59375,,
3619.21875,,
3624.828125,,
3630.453125,,
3636.0625,,
3641.6875,,
3647.296875,,
3652.921875,,
3658.546875,,
3664.15625,,
3669.78125,,
3675.390625,,
3681.015625,,
3686.640625,,
3692.25,,
3697.875,,
3703.484375,,
3709.109375,,
3714.734375,,
3720.34375,,
3725.96875,,
3731.578125,,
3737.203125,,
3742.8125,,
3748.4375,,
3754.0625,,
3759.671875,,
3765.296875,,
3770.90625,,
3776.53125,,
3782.15625,,
3793.390625,,
3799.0,,
3804.625,,
3810.234375,,
3815.859375,,
3821.484375,,
3827.09375,,
3832.71875,,
3838.328125,,
3843.953125,,
3849.578125,,
3855.1875,,
3860.8125,,
3866.421875,,
3872.046875,,
3877.65625,,
3883.28125,,
3888.90625,,
3894.515625,,
3900.140625,,
3905.75,,
3911.375,,
3917.0,,
3922.609375,,
3928.234375,,
3933.84375,,
3939.46875,,
3945.09375,,
3950.703125,,
3956.328125,,
3961.9375,,
3973.171875,,
3978.796875,,
3984.421875,,
3990.03125,,
3995.65625,,
4001.265625,,
4006.890625,,
4012.515625,,
4018.125,,
4023.75,,
4029.359375,,
4034.984375,,
4040.59375,,
4046.21875,,
4051.84375,,
4057.453125,,
4063.078125,,
4068.6875,,
4074.3125,,
4079.9375,,
4085.546875,,
4091.171875,,
4096.78125,,
4102.40625,,
4108.03125,,
4113.640625,,
4119.265625,,
4124.875,,
4130.5,,
4136.109375,,
4141.734375,,
4152.96875,,
4158.59375,,
4164.203125,,
4169.828125,,
4175.453125,,
4181.0625,,
4186.6875,,
4192.296875,,
4197.921875,,
4203.53125,,
4209.15625,,
4214.78125,,
4220.390625,,
4226.015625,,
4231.625,,
4237.25,,
4242.875,,
4248.484375,,
4254.109375,,
4259.71875,,
4265.34375,,
4270.953125,,
4276.578125,,
4282.203125,,
4287.8125,,
4293.4375,,
4299.046875,,
4304.671875,,
4310.296875,,
4315.90625,,
4321.53125,,
4332.765625,,
4338.390625,,
4344.0,,
4349.625,,
4355.234375,,
4360.859375,,
4366.46875,,
4372.09375,,
4377.71875,,
4383.328125,,
4388.953125,,
4394.5625,,
4400.1875,,
4405.8125,,
4411.421875,,
4417.046875,,
4422.65625,,
4428.28125,,
4433.890625,,
4439.515625,,
4445.140625,,
4450.75,,
4456.375,,
4461.984375,,
4467.609375,,
4473.234375,,
4478.84375,,
4484.46875,,
4490.078125,,
4495.703125,,
4501.328125,,
4512.5625,,
4518.171875,,
4523.796875,,
4529.40625,,
4535.03125,,
4540.65625,,
4546.265625,,
4551.890625,,
4557.5,,
4563.125,,
4568.75,,
4574.359375,,
4579.984375,,
4585.59375,,
4591.21875,,
4596.828125,,
4602.453125,,
4608.078125,,
4613.6875,,
4619.3125,,
4624.921875,,
4630.546875,,
4636.171875,,
4641.78125,,
4647.40625,,
4653.015625,,
4658.640625,,
4664.25,,
4669.875,,
4675.5,,
4681.109375,,
4692.34375,,
4697.96875,,
4703.59375,,
4709.203125,,
4714.828125,,
4720.4375,,
4726.0625,,
4731.6875,,
4737.296875,,
4745.71875,,
4807.53125,85.1623764038086,255.999755859375
4866.53125,84.98028564453125,255.999755859375
4925.515625,,
4987.328125,84.60746002197266,255.999755859375
5046.3125,84.4254150390625,255.999755859375
5105.3125,,
5167.109375,84.05259704589844,255.999755859375
5226.109375,83.8705062866211,255.999755859375
5285.109375,,
5346.90625,83.49768829345703,255.999755859375
5405.90625,83.31558990478516,255.999755859375
5464.890625,,
5526.703125,82.9427719116211,255.999755859375
5585.703125,82.76068115234375,255.999755859375
5644.6875,,
5706.5,82.38786315917969,255.999755859375
5765.484375,82.20581817626953,255.999755859375
5824.484375,,
5886.28125,81.83300018310547,255.999755859375
5945.28125,81.6509017944336,255.999755859375
6004.28125,,
6066.078125,81.27808380126953,255.999755859375
6125.078125,81.09599304199219,255.999755859375
6184.0625,,
6245.875,80.72317504882812,255.999755859375
6268.34375,,
6273.96875,,
6279.578125,,
6285.203125,,
6290.828125,,
6296.4375,,
6302.0625,,
6307.671875,,
6313.296875,,
6318.90625,,
6324.53125,,
6330.15625,,
6335.765625,,
6341.390625,,
6347.0,,
6352.625,,
6358.25,,
6363.859375,,
6369.484375,,
6375.09375,,
6380.71875,,
6386.34375,,
6391.953125,,
6397.578125,,
6403.1875,,
6408.8125,,
6414.421875,,
6420.046875,,
6431.28125,,
6436.90625,,
6442.515625,,
6448.140625,,
6453.765625,,
6459.375,,
6465.0,,
6470.609375,,
6476.234375,,
6481.84375,,
6487.46875,,
6493.09375,,
6498.703125,,
6504.328125,,
6509.9375,,
6515.5625,,
6521.1875,,
6526.796875,,
6532.421875,,
6538.03125,,
6543.65625,,
6549.28125,,
6554.890625,,
6560.515625,,
6566.125,,
6571.75,,
6577.359375,,
6582.984375,,
6588.609375,,
6594.21875,,
6599.84375,,
6611.078125,,
6616.703125,,
6622.3125,,
6627.9375,,
6633.546875,,
6639.171875,,
6644.78125,,
6650.40625,,
6656.03125,,
6661.640625,,
6667.265625,,
6672.875,,
6678.5,,
6684.125,,
6689.734375,,
6695.359375,,
6700.96875,,
6706.59375,,
6712.203125,,
6717.828125,,
6723.453125,,
6729.0625,,
6734.6875,,
6740.296875,,
6745.921875,,
6751.546875,,
6757.15625,,
6762.78125,,
6768.390625,,
6774.015625,,
6779.640625,,
6790.875,,
6796.484375,,
6802.109375,,
6807.71875,,
6813.34375,,
6818.96875,,
6824.578125,,
6830.203125,,
6835.8125,,
6841.4375,,
6847.0625,,
6852.671875,,
6858.296875,,
6863.90625,,
6869.53125,,
6875.140625,,
6880.765625,,
6886.390625,,
6892.0,,
6897.625,,
6903.234375,,
6908.859375,,
6914.484375,,
6920.09375,,
6925.71875,,
6931.328125,,
6936.953125,,
6942.578125,,
6948.1875,,
6953.8125,,
6959.421875,,
6970.65625,,
6976.28125,,
6981.90625,,
6987.515625,,
6993.140625,,
6998.75,,
7004.375,,
7010.0,,
7015.609375,,
7021.234375,,
7026.84375,,
7032.46875,,
7038.078125,,
7043.703125,,
7049.328125,,
7054.9375,,
7060.5625,,
7066.171875,,
7071.796875,,
7077.421875,,
7083.03125,,
7088.65625,,
7094.265625,,
7099.890625,,
7105.5,,
7111.125,,
7116.75,,
7122.359375,,
7127.984375,,
7133.59375,,
7139.21875,,
7150.453125,,
7156.078125,,
7161.6875,,
7167.3125,,
7172.9375,,
7178.546875,,
7184.171875,,
7189.78125,,
7195.40625,,
7201.015625,,
7206.640625,,
7212.265625,,
7217.875,,
7223.5,,
7229.109375,,
7234.734375,,
7240.359375,,
7245.96875,,
7251.59375,,
7257.203125,,
7262.828125,,
7268.4375,,
7274.0625,,
7279.6875,,
7285.296875,,
7290.921875,,
7296.53125,,
7302.15625,,
7307.78125,,
7313.390625,,
7319.015625,,
7330.25,,
7335.875,,
7341.484375,,
7347.109375,,
7352.71875,,
7358.34375,,
7363.953125,,
7369.578125,,
7375.203125,,
7380.8125,,
7386.4375,,
7392.046875,,
7397.671875,,
7403.296875,,
7408.90625,,
7414.53125,,
7420.140625,,
7425.765625,,
7431.375,,
7437.0,,
7442.625,,
7448.234375,,
7453.859375,,
7459.46875,,
7465.09375,,
7470.71875,,
7476.328125,,
7481.953125,,
7487.5625,,
7493.1875,,
7498.796875,,
7510.046875,,
7515.65625,,
7521.28125,,
7526.890625,,
7532.515625,,
7538.140625,,
7543.75,,
7549.375,,
7554.984375,,
7560.609375,,
7566.234375,,
7571.84375,,
7577.46875,,
7583.078125,,
7588.703125,,
7594.3125,,
7599.9375,,
7605.5625,,
7611.171875,,
7616.796875,,
7622.40625,,
7628.03125,,
7633.65625,,
7639.265625,,
7644.890625,,
7650.5,,
7656.125,,
7661.734375,,
7667.359375,,
7672.984375,,
7678.59375,,
7689.828125,,
7695.453125,,
7701.078125,,
7706.6875,,
7712.3125,,
7717.921875,,
7723.546875,,
7729.171875,,
7734.78125,,
7740.40625,,
7746.015625,,
7751.640625,,
7757.25,,
7762.875,,
7768.5,,
7774.109375,,
7779.734375,,
7785.34375,,
7790.96875,,
7805.015625,75.9111557006836,255.999755859375
7864.015625,75.72905731201172,255.999755859375
7923.0,,
7984.8125,75.35623931884766,255.999755859375
8043.796875,75.1741943359375,255.999755859375
8102.796875,,
8164.59375,74.80137634277344,255.999755859375
8223.59375,74.6192855834961,255.999755859375
8282.59375,,
8344.390625,74.24646759033203,255.999755859375
8403.390625,74.06436920166016,255.999755859375
8462.375,,
8524.1875,73.6915512084961,255.999755859375
8583.1875,73.50946044921875,255.999755859375
8642.171875,,
8703.984375,73.13664245605469,255.999755859375
8762.96875,72.95459747314453,255.999755859375
8821.96875,,
8883.765625,72.58177947998047,255.999755859375
8942.765625,72.3996810913086,255.999755859375
9001.765625,,
9063.5625,72.02686309814453,255.999755859375
9122.5625,71.84477233886719,255.999755859375
9181.546875,,
9243.359375,71.47195434570312,255.999755859375
9302.359375,71.28985595703125,255.999755859375
9316.390625,,
9322.015625,,
9327.640625,,
9333.25,,
9338.875,,
9344.484375,,
9350.109375,,
9355.734375,,
9361.34375,,
9366.96875,,
9372.578125,,
9378.203125,,
9383.828125,,
9389.4375,,
9395.0625,,
9400.671875,,
9406.296875,,
9411.90625,,
9417.53125,,
9428.765625,,
9434.390625,,
9440.0,,
9445.625,,
9451.25,,
9456.859375,,
9462.484375,,
9468.09375,,
9473.71875,,
9479.328125,,
9484.953125,,
9490.578125,,
9496.1875,,
9501.8125,,
9507.421875,,
9513.046875,,
9518.671875,,
9524.28125,,
9529.90625,,
9535.515625,,
9541.140625,,
9546.75,,
9552.375,,
9558.0,,
9563.609375,,
9569.234375,,
9574.84375,,
9580.46875,,
9586.09375,,
9591.703125,,
9597.328125,,
9608.5625,,
9614.1875,,
9619.796875,,
9625.421875,,
9631.03125,,
9636.65625,,
9642.265625,,
9647.890625,,
9653.515625,,
9659.125,,
9664.75,,
9670.359375,,
9675.984375,,
9681.609375,,
9687.21875,,
9692.84375,,
9698.453125,,
9704.078125,,
9709.6875,,
9715.3125,,
9720.9375,,
9726.546875,,
9732.171875,,
9737.78125,,
9743.40625,,
9749.03125,,
9754.640625,,
9760.265625,,
9765.875,,
9771.5,,
9777.125,,
9788.359375,,
9793.96875,,
9799.59375,,
9805.203125,,
9810.828125,,
9816.453125,,
9822.0625,,
9827.6875,,
9833.296875,,
9838.921875,,
9844.546875,,
9850.15625,,
9855.78125,,
9861.390625,,
9867.015625,,
9872.625,,
9878.25,,
9883.875,,
9889.484375,,
9895.109375,,
9900.71875,,
9906.34375,,
9911.96875,,
9917.578125,,
9923.203125,,
9928.8125,,
9934.4375,,
9940.046875,,
9945.671875,,
9951.296875,,
9956.90625,,
9968.140625,,
9973.765625,,
9979.390625,,
9985.0,,
9990.625,,
9996.234375,,
10001.859375,,
10007.484375,,
10013.09375,,
10018.71875,,
10024.328125,,
10029.953125,,
10035.5625,,
10041.1875,,
10046.8125,,
10052.421875,,
10058.046875,,
10063.65625,,
10069.28125,,
10074.90625,,
10080.515625,,
10086.140625,,
10091.75,,
10097.375,,
10102.984375,,
10108.609375,,
10114.234375,,
10119.84375,,
10125.46875,,
10131.078125,,
10136.703125,,
10147.9375,,
10153.5625,,
10159.171875,,
10164.796875,,
10170.421875,,
10176.03125,,
10181.65625,,
10187.265625,,
10192.890625,,
10198.5,,
10204.125,,
10209.75,,
10215.359375,,
10220.984375,,
10226.59375,,
10232.21875,,
10237.84375,,
10243.453125,,
10249.078125,,
10254.6875,,
10260.3125,,
10265.921875,,
10271.546875,,
10277.171875,,
10282.78125,,
10288.40625,,
10294.015625,,
10299.640625,,
10305.265625,,
10310.875,,
10316.5,,
10327.734375,,
10333.34375,,
10338.96875,,
10344.59375,,
10350.203125,,
10355.828125,,
10361.4375,,
10367.0625,,
10372.6875,,
10378.296875,,
10383.921875,,
10389.53125,,
10395.15625,,
10400.78125,,
10406.390625,,
10412.015625,,
10417.625,,
10423.25,,
10428.859375,,
10434.484375,,
10440.109375,,
10445.71875,,
10451.34375,,
10456.953125,,
10462.578125,,
10468.203125,,
10473.8125,,
10479.4375,,
10485.046875,,
10490.671875,,
10496.28125,,
10507.53125,,
10513.140625,,
10518.765625,,
10524.375,,
10530.0,,
10535.625,,
10541.234375,,
10546.859375,,
10552.46875,,
10558.09375,,
10563.71875,,
10569.328125,,
10574.953125,,
10580.5625,,
10586.1875,,
10591.796875,,
10597.421875,,
10603.046875,,
10608.65625,,
10614.28125,,
10619.890625,,
10625.515625,,
10631.140625,,
10636.75,,
10642.375,,
10647.984375,,
10653.609375,,
10659.21875,,
10664.84375,,
10670.46875,,
10676.078125,,
10687.3125,,
10692.9375,,
10698.5625,,
10704.171875,,
10709.796875,,
10715.40625,,
10721.03125,,
10726.640625,,
10732.265625,,
10737.890625,,
10743.5,,
10749.125,,
10754.734375,,
10760.359375,,
10765.984375,,
10771.59375,,
10777.21875,,
10782.828125,,
10788.453125,,
10794.078125,,
10799.6875,,
10805.3125,,
10810.921875,,
10816.546875,,
10822.15625,,
10827.78125,,
10833.40625,,
10839.015625,,
10861.5,66.47783660888672,255.999755859375
10920.484375,,
10982.296875,66.10501861572266,255.999755859375
11041.28125,65.9229736328125,255.999755859375
11100.28125,,
11162.078125,65.55015563964844,255.999755859375
11221.078125,65.3680648803711,255.999755859375
11280.078125,,
11341.875,64.99524688720703,255.999755859375
11400.875,64.81314849853516,255.999755859375
11459.859375,,
11521.671875,64.4403305053711,255.999755859375
11580.671875,64.25823974609375,255.999755859375
11639.65625,,
11701.46875,63.88542175292969,255.999755859375
11760.453125,63.70337677001953,255.999755859375
11819.453125,,
11881.25,63.33055877685547,255.999755859375
11940.25,63.148460388183594,255.999755859375
11999.25,,
12061.046875,62.77564239501953,255.999755859375
12120.046875,62.59355163574219,255.999755859375
12179.03125,,
12240.84375,62.220733642578125,255.999755859375
12299.84375,62.03868865966797,255.999755859375
12358.828125,,
12364.453125,,
12370.0625,,
12375.6875,,
12381.296875,,
12386.921875,,
12392.546875,,
12398.15625,,
12403.78125,,
12409.390625,,
12415.015625,,
12426.25,,
12431.875,,
12437.484375,,
12443.109375,,
12448.734375,,
12454.34375,,
12459.96875,,
12465.578125,,
12471.203125,,
12476.8125,,
12482.4375,,
12488.0625,,
12493.671875,,
12499.296875,,
12504.90625,,
12510.53125,,
12516.15625,,
12521.765625,,
12527.390625,,
12533.0,,
12538.625,,
12544.234375,,
12549.859375,,
12555.484375,,
12561.09375,,
12566.71875,,
12572.328125,,
12577.953125,,
12583.578125,,
12589.1875,,
12594.8125,,
12606.046875,,
12611.671875,,
12617.28125,,
12622.90625,,
12628.515625,,
12634.140625,,
12639.75,,
12645.375,,
12651.0,,
12656.609375,,
12662.234375,,
12667.84375,,
12673.46875,,
12679.09375,,
12684.703125,,
12690.328125,,
12695.9375,,
12701.5625,,
12707.171875,,
12712.796875,,
12718.421875,,
12724.03125,,
12729.65625,,
12735.265625,,
12740.890625,,
12746.515625,,
12752.125,,
12757.75,,
12763.359375,,
12768.984375,,
12774.59375,,
12785.84375,,
12791.453125,,
12797.078125,,
12802.6875,,
12808.3125,,
12813.9375,,
12819.546875,,
12825.171875,,
12830.78125,,
12836.40625,,
12842.03125,,
12847.640625,,
12853.265625,,
12858.875,,
12864.5,,
12870.109375,,
12875.734375,,
12881.359375,,
12886.96875,,
12892.59375,,
12898.203125,,
12903.828125,,
12909.453125,,
12915.0625,,
12920.6875,,
12926.296875,,
12931.921875,,
12937.53125,,
12943.15625,,
12948.78125,,
12954.390625,,
12965.625,,
12971.25,,
12976.875,,
12982.484375,,
12988.109375,,
12993.71875,,
12999.34375,,
13004.96875,,
13010.578125,,
13016.203125,,
13021.8125,,
13027.4375,,
13033.046875,,
13038.671875,,
13044.296875,,
13049.90625,,
13055.53125,,
13061.140625,,
13066.765625,,
13072.390625,,
13078.0,,
13083.625,,
13089.234375,,
13094.859375,,
13100.46875,,
13106.09375,,
13111.71875,,
13117.328125,,
13122.953125,,
13128.5625,,
13134.1875,,
13145.421875,,
13151.046875,,
13156.65625,,
13162.28125,,
13167.890625,,
13173.515625,,
13179.140625,,
13184.75,,
13190.375,,
13195.984375,,
13201.609375,,
13207.234375,,
13212.84375,,
13218.46875,,
13224.078125,,
13229.703125,,
13235.328125,,
13240.9375,,
13246.5625,,
13252.171875,,
13257.796875,,
13263.40625,,
13269.03125,,
13274.65625,,
13280.265625,,
13285.890625,,
13291.5,,
13297.125,,
13302.75,,
13308.359375,,
13313.984375,,
13325.21875,,
13330.828125,,
13336.453125,,
13342.078125,,
13347.6875,,
13353.3125,,
13358.921875,,
13364.546875,,
13370.171875,,
13375.78125,,
13381.40625,,
13387.015625,,
13392.640625,,
13398.265625,,
13403.875,,
13409.5,,
13415.109375,,
13420.734375,,
13426.34375,,
13431.96875,,
13437.59375,,
13443.203125,,
13448.828125,,
13454.4375,,
13460.0625,,
13465.6875,,
13471.296875,,
13476.921875,,
13482.53125,,
13488.15625,,
13493.765625,,
13505.015625,,
13510.625,,
13516.25,,
13521.859375,,
13527.484375,,
13533.109375,,
13538.71875,,
13544.34375,,
13549.953125,,
13555.578125,,
13561.1875,,
13566.8125,,
13572.4375,,
13578.046875,,
13583.671875,,
13589.28125,,
13594.90625,,
13600.53125,,
13606.140625,,
13611.765625,,
13617.375,,
13623.0,,
13628.625,,
13634.234375,,
13639.859375,,
13645.46875,,
13651.09375,,
13656.703125,,
13662.328125,,
13667.953125,,
13673.5625,,
13684.796875,,
13690.421875,,
13696.046875,,
13701.65625,,
13707.28125,,
13712.890625,,
13718.515625,,
13724.125,,
13729.75,,
13735.375,,
13740.984375,,
13746.609375,,
13752.21875,,
13757.84375,,
13763.46875,,
13769.078125,,
13774.703125,,
13780.3125,,
13785.9375,,
13791.5625,,
13797.171875,,
13802.796875,,
13808.40625,,
13814.03125,,
13819.640625,,
13825.265625,,
13830.890625,,
13836.5,,
13842.125,,
13847.734375,,
13853.359375,,
13864.59375,,
13870.21875,,
13875.828125,,
13881.453125,,
13887.0625,,
13917.96875,,
13979.78125,56.853797912597656,255.999755859375
14038.765625,56.6717529296875,255.999755859375
14097.765625,,
14159.5625,56.29893493652344,255.999755859375
14218.5625,56.116844177246094,255.999755859375
14277.5625,,
14339.359375,55.74402618408203,255.999755859375
14398.359375,55.561927795410156,255.999755859375
14457.34375,,
14519.15625,55.189109802246094,255.999755859375
14578.15625,55.00701904296875,255.999755859375
14637.140625,,
14698.953125,54.63420104980469,255.999755859375
14757.9375,54.45215606689453,255.999755859375
14816.9375,,
14878.734375,54.07933044433594,255.999755859375
14937.734375,53.897239685058594,255.999755859375
14996.734375,,
15058.53125,53.52442169189453,255.999755859375
15117.53125,53.34233093261719,255.999755859375
15176.515625,,
15238.328125,52.969512939453125,255.999755859375
15297.3125,52.78746795654297,255.999755859375
15356.3125,,
15412.5,,
15423.734375,,
15429.359375,,
15434.96875,,
15440.59375,,
15446.21875,,
15451.828125,,
15457.453125,,
15463.0625,,
15468.6875,,
15474.296875,,
15479.921875,,
15485.546875,,
15491.15625,,
15496.78125,,
15502.390625,,
15508.015625,,
15513.640625,,
15519.25,,
15524.875,,
15530.484375,,
15536.109375,,
15541.71875,,
15547.34375,,
15552.96875,,
15558.578125,,
15564.203125,,
15569.8125,,
15575.4375,,
15581.0625,,
15586.671875,,
15592.296875,,
15603.53125,,
15609.140625,,
15614.765625,,
15620.390625,,
15626.0,,
15631.625,,
15637.234375,,
15642.859375,,
15648.484375,,
15654.09375,,
15659.71875,,
15665.328125,,
15670.953125,,
15676.578125,,
15682.1875,,
15687.8125,,
15693.421875,,
15699.046875,,
15704.65625,,
15710.28125,,
15715.90625,,
15721.515625,,
15727.140625,,
15732.75,,
15738.375,,
15744.0,,
15749.609375,,
15755.234375,,
15760.84375,,
15766.46875,,
15772.078125,,
15783.328125,,
15788.9375,,
15794.5625,,
15800.171875,,
15805.796875,,
15811.421875,,
15817.03125,,
15822.65625,,
15828.265625,,
15833.890625,,
15839.515625,,
15845.125,,
15850.75,,
15856.359375,,
15861.984375,,
15867.59375,,
15873.21875,,
15878.84375,,
15884.453125,,
15890.078125,,
15895.6875,,
15901.3125,,
15906.9375,,
15912.546875,,
15918.171875,,
15923.78125,,
15929.40625,,
15935.015625,,
15940.640625,,
15946.265625,,
15951.875,,
15963.109375,,
15968.734375,,
15974.359375,,
15979.96875,,
15985.59375,,
15991.203125,,
15996.828125,,
16002.4375,,
16008.0625,,
16013.6875,,
16019.296875,,
16024.921875,,
16030.53125,,
16036.15625,,
16041.78125,,
16047.390625,,
16053.015625,,
16058.625,,
16064.25,,
16069.875,,
16075.484375,,
16081.109375,,
16086.71875,,
16092.34375,,
16097.953125,,
16103.578125,,
16109.203125,,
16114.8125,,
16120.4375,,
16126.046875,,
16131.671875,,
16142.90625,,
16148.53125,,
16154.140625,,
16159.765625,,
16165.375,,
16171.0,,
16176.625,,
16182.234375,,
16187.859375,,
16193.46875,,
16199.09375,,
16204.71875,,
16210.328125,,
16215.953125,,
16221.5625,,
16227.1875,,
16232.8125,,
16238.421875,,
16244.046875,,
16249.65625,,
16255.28125,,
16260.890625,,
16266.515625,,
16272.140625,,
16277.75,,
16283.375,,
16288.984375,,
16294.609375,,
16300.234375,,
16305.84375,,
16311.46875,,
16322.703125,,
16328.3125,,
16333.9375,,
16339.5625,,
16345.171875,,
16350.796875,,
16356.40625,,
16362.03125,,
16367.65625,,
16373.265625,,
16378.890625,,
16384.5,,
16390.125,,
16395.75,,
16401.359375,,
16406.984375,,
16412.59375,,
16418.21875,,
16423.828125,,
16429.453125,,
16435.078125,,
16440.6875,,
16446.3125,,
16451.921875,,
16457.546875,,
16463.171875,,
16468.78125,,
16474.40625,,
16480.015625,,
16485.640625,,
16491.25,,
16502.5,,
16508.109375,,
16513.734375,,
16519.34375,,
16524.96875,,
16530.59375,,
16536.203125,,
16541.828125,,
16547.4375,,
16553.0625,,
16558.671875,,
16564.296875,,
16569.921875,,
16575.53125,,
16581.15625,,
16586.765625,,
16592.390625,,
16598.015625,,
16603.625,,
16609.25,,
16614.859375,,
16620.484375,,
16626.109375,,
16631.71875,,
16637.34375,,
16642.953125,,
16648.578125,,
16654.1875,,
16659.8125,,
16665.4375,,
16671.046875,,
16682.28125,,
16687.90625,,
16693.53125,,
16699.140625,,
16704.765625,,
16710.375,,
16716.0,,
16721.609375,,
16727.234375,,
16732.859375,,
16738.46875,,
16744.09375,,
16749.703125,,
16755.328125,,
16760.953125,,
16766.5625,,
16772.1875,,
16777.796875,,
16783.421875,,
16789.046875,,
16794.65625,,
16800.28125,,
16805.890625,,
16811.515625,,
16817.125,,
16822.75,,
16828.375,,
16833.984375,,
16839.609375,,
16845.21875,,
16850.84375,,
16862.078125,,
16867.703125,,
16873.3125,,
16878.9375,,
16884.546875,,
16890.171875,,
16895.796875,,
16901.40625,,
16907.03125,,
16912.640625,,
16918.265625,,
16923.890625,,
16929.5,,
16935.125,,
16977.265625,47.602577209472656,255.999755859375
17036.25,47.4205322265625,255.999755859375
17095.25,,
17157.046875,47.04771423339844,255.999755859375
17216.046875,46.865623474121094,255.999755859375
17275.046875,,
17336.84375,46.4927978515625,255.999755859375
17395.84375,46.310707092285156,255.999755859375
17454.828125,,
17516.640625,45.937889099121094,255.999755859375
17575.640625,45.75579833984375,255.999755859375
17634.625,,
17696.4375,45.38298034667969,255.999755859375
17755.421875,45.200927734375,255.999755859375
17814.421875,,
17876.21875,44.82810974121094,255.999755859375
17935.21875,44.646018981933594,255.999755859375
17994.21875,,
18056.015625,44.27320098876953,251.113037109375
18115.015625,44.09111022949219,248.521484375
18174.0,,
18235.8125,43.718284606933594,252.15380859375
18294.796875,43.53623962402344,252.15380859375
18353.796875,,
18415.609375,43.16337585449219,252.15380859375
18460.546875,,
18466.171875,,
18471.78125,,
18477.40625,,
18483.03125,,
18488.640625,,
18494.265625,,
18499.875,,
18505.5,,
18511.125,,
18516.734375,,
18522.359375,,
18527.96875,,
18533.59375,,
18539.203125,,
18544.828125,,
18550.453125,,
18556.0625,,
18561.6875,,
18567.296875,,
18572.921875,,
18578.546875,,
18584.15625,,
18589.78125,,
18601.015625,,
18606.625,,
18612.25,,
18617.875,,
18623.484375,,
18629.109375,,
18634.71875,,
18640.34375,,
18645.96875,,
18651.578125,,
18657.203125,,
18662.8125,,
18668.4375,,
18674.0625,,
18679.671875,,
18685.296875,,
18690.90625,,
18696.53125,,
18702.140625,,
18707.765625,,
18713.390625,,
18719.0,,
18724.625,,
18730.234375,,
18735.859375,,
18741.484375,,
18747.09375,,
18752.71875,,
18758.328125,,
18763.953125,,
18769.5625,,
18780.8125,,
18786.421875,,
18792.046875,,
18797.65625,,
18803.28125,,
18808.90625,,
18814.515625,,
18820.140625,,
18825.75,,
18831.375,,
18837.0,,
18842.609375,,
18848.234375,,
18853.84375,,
18859.46875,,
18865.078125,,
18870.703125,,
18876.328125,,
18881.9375,,
18887.5625,,
18893.171875,,
18898.796875,,
18904.421875,,
18910.03125,,
18915.65625,,
18921.265625,,
18926.890625,,
18932.5,,
18938.125,,
18943.75,,
18949.359375,,
18960.59375,,
18966.21875,,
18971.84375,,
18977.453125,,
18983.078125,,
18988.6875,,
18994.3125,,
18999.921875,,
19005.546875,,
19011.171875,,
19016.78125,,
19022.40625,,
19028.015625,,
19033.640625,,
19039.265625,,
19044.875,,
19050.5,,
19056.109375,,
19061.734375,,
19067.359375,,
19072.96875,,
19078.59375,,
19084.203125,,
19089.828125,,
19095.4375,,
19101.0625,,
19106.6875,,
19112.296875,,
19117.921875,,
19123.53125,,
19129.15625,,
19140.390625,,
19146.015625,,
19151.625,,
19157.25,,
19162.859375,,
19168.484375,,
19174.109375,,
19179.71875,,
19185.34375,,
19190.953125,,
19196.578125,,
19202.203125,,
19207.8125,,
19213.4375,,
19219.046875,,
19224.671875,,
19230.296875,,
19235.90625,,
19241.53125,,
19247.140625,,
19252.765625,,
19258.375,,
19264.0,,
19269.625,,
19275.234375,,
19280.859375,,
19286.46875,,
19292.09375,,
19297.71875,,
19303.328125,,
19308.953125,,
19320.1875,,
19325.796875,,
19331.421875,,
19337.046875,,
19342.65625,,
19348.28125,,
19353.890625,,
19359.515625,,
19365.140625,,
19370.75,,
19376.375,,
19381.984375,,
19387.609375,,
19393.21875,,
19398.84375,,
19404.46875,,
19410.078125,,
19415.703125,,
19421.3125,,
19426.9375,,
19432.5625,,
19438.171875,,
19443.796875,,
19449.40625,,
19455.03125,,
19460.65625,,
19466.265625,,
19471.890625,,
19477.5,,
19483.125,,
19488.734375,,
19499.984375,,
19505.59375,,
19511.21875,,
19516.828125,,
19522.453125,,
19528.078125,,
19533.6875,,
19539.3125,,
19544.921875,,
19550.546875,,
19556.15625,,
19561.78125,,
19567.40625,,
19573.015625,,
19578.640625,,
19584.25,,
19589.875,,
19595.5,,
19601.109375,,
19606.734375,,
19612.34375,,
19617.96875,,
19623.59375,,
19629.203125,,
19634.828125,,
19640.4375,,
19646.0625,,
19651.671875,,
19657.296875,,
19662.921875,,
19668.53125,,
19679.765625,,
19685.390625,,
19691.015625,,
19696.625,,
19702.25,,
19707.859375,,
19713.484375,,
19719.09375,,
19724.71875,,
19730.34375,,
19735.953125,,
19741.578125,,
19747.1875,,
19752.8125,,
19758.4375,,
19764.046875,,
19769.671875,,
19775.28125,,
19780.90625,,
19786.515625,,
19792.140625,,
19797.765625,,
19803.375,,
19809.0,,
19814.609375,,
19820.234375,,
19825.859375,,
19831.46875,,
19837.09375,,
19842.703125,,
19848.328125,,
19859.5625,,
19865.1875,,
19870.796875,,
19876.421875,,
19882.03125,,
19887.65625,,
19893.28125,,
19898.890625,,
19904.515625,,
19910.125,,
19915.75,,
19921.375,,
19926.984375,,
19932.609375,,
19938.21875,,
19943.84375,,
19949.453125,,
19955.078125,,
19960.703125,,
19966.3125,,
19971.9375,,
19977.546875,,
19983.171875,,
20033.734375,38.1693115234375,255.9921875
20092.734375,,
20154.53125,37.79649353027344,255.9921875
20213.53125,37.61439514160156,255.9921875
20272.53125,,
20334.328125,37.2415771484375,255.9921875
20393.328125,37.059486389160156,255.9921875
20452.3125,,
20514.125,36.686668395996094,255.9921875
20573.109375,36.50462341308594,255.9921875
20632.109375,,
20693.921875,36.131752014160156,255.9921875
20752.90625,35.94970703125,255.9921875
20811.90625,,
20873.703125,35.57688903808594,255.9921875
20932.703125,35.394798278808594,255.9921875
20991.703125,,
21053.5,35.02198028564453,255.9921875
21112.5,34.839881896972656,255.9921875
21171.484375,,
21233.296875,34.467063903808594,255.9921875
21292.28125,34.28501892089844,255.9921875
21351.28125,,
21413.09375,33.91215515136719,255.9921875
21472.078125,33.73011016845703,255.9921875
21514.21875,,
21519.84375,,
21525.453125,,
21531.078125,,
21536.6875,,
21542.3125,,
21547.9375,,
21553.546875,,
21559.171875,,
21564.78125,,
21570.40625,,
21576.03125,,
21581.640625,,
21587.265625,,
21598.5,,
21604.109375,,
21609.734375,,
21615.359375,,
21620.96875,,
21626.59375,,
21632.203125,,
21637.828125,,
21643.453125,,
21649.0625,,
21654.6875,,
21660.296875,,
21665.921875,,
21671.546875,,
21677.15625,,
21682.78125,,
21688.390625,,
21694.015625,,
21699.625,,
21705.25,,
21710.875,,
21716.484375,,
21722.109375,,
21727.71875,,
21733.34375,,
21738.96875,,
21744.578125,,
21750.203125,,
21755.8125,,
21761.4375,,
21767.046875,,
21778.296875,,
21783.90625,,
21789.53125,,
21795.140625,,
21800.765625,,
21806.390625,,
21812.0,,
21817.625,,
21823.234375,,
21828.859375,,
21834.46875,,
21840.09375,,
21845.71875,,
21851.328125,,
21856.953125,,
21862.5625,,
21868.1875,,
21873.8125,,
21879.421875,,
21885.046875,,
21890.65625,,
21896.28125,,
21901.90625,,
21907.515625,,
21913.140625,,
21918.75,,
21924.375,,
21929.984375,,
21935.609375,,
21941.234375,,
21946.84375,,
21958.078125,,
21963.703125,,
21969.328125,,
21974.9375,,
21980.5625,,
21986.171875,,
21991.796875,,
21997.40625,,
22003.03125,,
22008.65625,,
22014.265625,,
22019.890625,,
22025.5,,
22031.125,,
22036.75,,
22042.359375,,
22047.984375,,
22053.59375,,
22059.21875,,
22064.84375,,
22070.453125,,
22076.078125,,
22081.6875,,
22087.3125,,
22092.921875,,
22098.546875,,
22104.171875,,
22109.78125,,
22115.40625,,
22121.015625,,
22126.640625,,
22137.875,,
22143.5,,
22149.109375,,
22154.734375,,
22160.34375,,
22165.96875,,
22171.59375,,
22177.203125,,
22182.828125,,
22188.4375,,
22194.0625,,
22199.6875,,
22205.296875,,
22210.921875,,
22216.53125,,
22222.15625,,
22227.765625,,
22233.390625,,
22239.015625,,
22244.625,,
22250.25,,
22255.859375,,
22261.484375,,
22267.109375,,
22272.71875,,
22278.34375,,
22283.953125,,
22289.578125,,
22295.203125,,
22300.8125,,
22306.4375,,
22317.671875,,
22323.28125,,
22328.90625,,
22334.53125,,
22340.140625,,
22345.765625,,
22351.375,,
22357.0,,
22362.625,,
22368.234375,,
22373.859375,,
22379.46875,,
22385.09375,,
22390.703125,,
22396.328125,,
22401.953125,,
22407.5625,,
22413.1875,,
22418.796875,,
22424.421875,,
22430.046875,,
22435.65625,,
22441.28125,,
22446.890625,,
22452.515625,,
22458.140625,,
22463.75,,
22469.375,,
22474.984375,,
22480.609375,,
22486.21875,,
22497.46875,,
22503.078125,,
22508.703125,,
22514.3125,,
22519.9375,,
22525.5625,,
22531.171875,,
22536.796875,,
22542.40625,,
22548.03125,,
22553.640625,,
22559.265625,,
22564.890625,,
22570.5,,
22576.125,,
22581.734375,,
22587.359375,,
22592.984375,,
22598.59375,,
22604.21875,,
22609.828125,,
22615.453125,,
22621.0625,,
22626.6875,,
22632.3125,,
22637.921875,,
22643.546875,,
22649.15625,,
22654.78125,,
22660.40625,,
22666.015625,,
22677.25,,
22682.875,,
22688.5,,
22694.109375,,
22699.734375,,
22705.34375,,
22710.96875,,
22716.578125,,
22722.203125,,
22727.828125,,
22733.4375,,
22739.0625,,
22744.671875,,
22750.296875,,
22755.921875,,
22761.53125,,
22767.15625,,
22772.765625,,
22778.390625,,
22784.0,,
22789.625,,
22795.25,,
22800.859375,,
22806.484375,,
22812.09375,,
22817.71875,,
22823.34375,,
22828.953125,,
22834.578125,,
22840.1875,,
22845.8125,,
22857.046875,,
22862.671875,,
22868.28125,,
22873.90625,,
22879.515625,,
22885.140625,,
22890.765625,,
22896.375,,
22902.0,,
22907.609375,,
22913.234375,,
22918.859375,,
22924.46875,,
22930.09375,,
22935.703125,,
22941.328125,,
22946.9375,,
22952.5625,,
22958.1875,,
22963.796875,,
22969.421875,,
22975.03125,,
22980.65625,,
22986.28125,,
22991.890625,,
22997.515625,,
23003.125,,
23008.75,,
23014.359375,,
23019.984375,,
23025.609375,,
23090.21875,,
23152.015625,28.545272827148438,255.9921875
23211.015625,28.363174438476562,255.9921875
23270.015625,,
23331.8125,27.9903564453125,255.9921875
23390.8125,27.808265686035156,255.9921875
23449.796875,,
23511.609375,27.435447692871094,255.9921875
23570.59375,27.253402709960938,255.9921875
23629.59375,,
23691.40625,26.880531311035156,255.9921875
23750.390625,26.698486328125,255.9921875
23809.390625,,
23871.1875,26.325668334960938,255.9921875
23930.1875,26.143577575683594,255.9921875
23989.1875,,
24050.984375,25.77075958251953,255.9921875
24109.984375,25.588661193847656,255.9921875
24168.96875,,
24230.78125,25.215843200683594,255.9921875
24289.765625,25.033798217773438,255.9921875
24348.765625,,
24410.578125,24.660934448242188,255.9921875
24469.5625,24.47888946533203,255.9921875
24528.5625,,
24562.265625,,
24567.890625,,
24573.515625,,
24579.125,,
24584.75,,
24595.984375,,
24601.59375,,
24607.21875,,
24612.84375,,
24618.453125,,
24624.078125,,
24629.6875,,
24635.3125,,
24640.9375,,
24646.546875,,
24652.171875,,
24657.78125,,
24663.40625,,
24669.015625,,
24674.640625,,
24680.265625,,
24685.875,,
24691.5,,
24697.109375,,
24702.734375,,
24708.359375,,
24713.96875,,
24719.59375,,
24725.203125,,
24730.828125,,
24736.453125,,
24742.0625,,
24747.6875,,
24753.296875,,
24758.921875,,
24764.53125,,
24775.78125,,
24781.390625,,
24787.015625,,
24792.625,,
24798.25,,
24803.875,,
24809.484375,,
24815.109375,,
24820.71875,,
24826.34375,,
24831.953125,,
24837.578125,,
24843.203125,,
24848.8125,,
24854.4375,,
24860.046875,,
24865.671875,,
24871.296875,,
24876.90625,,
24882.53125,,
24888.140625,,
24893.765625,,
24899.390625,,
24905.0,,
24910.625,,
24916.234375,,
24921.859375,,
24927.46875,,
24933.09375,,
24938.71875,,
24944.328125,,
24955.5625,,
24961.1875,,
24966.8125,,
24972.421875,,
24978.046875,,
24983.65625,,
24989.28125,,
24994.890625,,
25000.515625,,
25006.140625,,
25011.75,,
25017.375,,
25022.984375,,
25028.609375,,
25034.234375,,
25039.84375,,
25045.46875,,
25051.078125,,
25056.703125,,
25062.3125,,
25067.9375,,
25073.5625,,
25079.171875,,
25084.796875,,
25090.40625,,
25096.03125,,
25101.65625,,
25107.265625,,
25112.890625,,
25118.5,,
25124.125,,
25135.359375,,
25140.984375,,
25146.59375,,
25152.21875,,
25157.828125,,
25163.453125,,
25169.078125,,
25174.6875,,
25180.3125,,
25185.921875,,
25191.546875,,
25197.171875,,
25202.78125,,
25208.40625,,
25214.015625,,
25219.640625,,
25225.25,,
25230.875,,
25236.5,,
25242.109375,,
25247.734375,,
25253.34375,,
25258.96875,,
25264.59375,,
25270.203125,,
25275.828125,,
25281.4375,,
25287.0625,,
25292.6875,,
25298.296875,,
25303.921875,,
25315.15625,,
25320.765625,,
25326.390625,,
25332.015625,,
25337.625,,
25343.25,,
25348.859375,,
25354.484375,,
25360.109375,,
25365.71875,,
25371.34375,,
25376.953125,,
25382.578125,,
25388.1875,,
25393.8125,,
25399.4375,,
25405.046875,,
25410.671875,,
25416.28125,,
25421.90625,,
25427.53125,,
25433.140625,,
25438.765625,,
25444.375,,
25450.0,,
25455.609375,,
25461.234375,,
25466.859375,,
25472.46875,,
25478.09375,,
25483.703125,,
25494.953125,,
25500.5625,,
25506.1875,,
25511.796875,,
25517.421875,,
25523.046875,,
25528.65625,,
25534.28125,,
25539.890625,,
25545.515625,,
25551.125,,
25556.75,,
25562.375,,
25567.984375,,
25573.609375,,
25579.21875,,
25584.84375,,
25590.46875,,
25596.078125,,
25601.703125,,
25607.3125,,
25612.9375,,
25618.546875,,
25624.171875,,
25629.796875,,
25635.40625,,
25641.03125,,
25646.640625,,
25652.265625,,
25657.890625,,
25663.5,,
25674.734375,,
25680.359375,,
25685.984375,,
25691.59375,,
25697.21875,,
25702.828125,,
25708.453125,,
25714.0625,,
25719.6875,,
25725.3125,,
25730.921875,,
25736.546875,,
25742.15625,,
25747.78125,,
25753.40625,,
25759.015625,,
25764.640625,,
25770.25,,
25775.875,,
25781.484375,,
25787.109375,,
25792.734375,,
25798.34375,,
25803.96875,,
25809.578125,,
25815.203125,,
25820.828125,,
25826.4375,,
25832.0625,,
25837.671875,,
25843.296875,,
25854.53125,,
25860.15625,,
25865.765625,,
25871.390625,,
25877.0,,
25882.625,,
25888.25,,
25893.859375,,
25899.484375,,
25905.09375,,
25910.71875,,
25916.34375,,
25921.953125,,
25927.578125,,
25933.1875,,
25938.8125,,
25944.421875,,
25950.046875,,
25955.671875,,
25961.28125,,
25966.90625,,
25972.515625,,
25978.140625,,
25983.765625,,
25989.375,,
25995.0,,
26000.609375,,
26006.234375,,
26011.84375,,
26017.46875,,
26023.09375,,
26034.328125,,
26039.9375,,
26045.5625,,
26051.1875,,
26056.796875,,
26062.421875,,
26068.03125,,
26073.65625,,
26079.28125,,
26084.890625,,
26087.703125,,
26149.5,19.294052124023438,255.9921875
26208.5,19.111953735351562,255.9921875
26267.5,,
26329.296875,18.7391357421875,255.9921875
26388.296875,18.557044982910156,255.9921875
26447.28125,,
26509.09375,18.184226989746094,255.9921875
26568.078125,18.002182006835938,255.9921875
26627.078125,,
26688.890625,17.629310607910156,255.9921875
26747.875,17.447265625,255.9921875
26806.875,,
26868.671875,17.074447631835938,255.9921875
26927.671875,16.892356872558594,255.9921875
26986.671875,,
27048.46875,16.51953887939453,120.25
27107.46875,16.337440490722656,205.25
27166.453125,,
27228.265625,15.964622497558594,250.9990234375
27287.25,15.782577514648438,224.782958984375
27346.25,,
27408.0625,15.409713745117188,171.087158203125
27467.046875,15.227668762207031,144.87109375
27526.046875,,
27587.84375,14.854850769042969,91.182373046875
27610.328125,,
27615.9375,,
27621.5625,,
27627.171875,,
27632.796875,,
27638.421875,,
27644.03125,,
27649.65625,,
27655.265625,,
27660.890625,,
27666.5,,
27672.125,,
27677.75,,
27683.359375,,
27688.984375,,
27694.59375,,
27700.21875,,
27705.84375,,
27711.453125,,
27717.078125,,
27722.6875,,
27728.3125,,
27733.9375,,
27739.546875,,
27745.171875,,
27750.78125,,
27756.40625,,
27762.015625,,
27773.265625,,
27778.875,,
27784.5,,
27790.109375,,
27795.734375,,
27801.359375,,
27806.96875,,
27812.59375,,
27818.203125,,
27823.828125,,
27829.4375,,
27835.0625,,
27840.6875,,
27846.296875,,
27851.921875,,
27857.53125,,
27863.15625,,
27868.78125,,
27874.390625,,
27880.015625,,
27885.625,,
27891.25,,
27896.859375,,
27902.484375,,
27908.109375,,
27913.71875,,
27919.34375,,
27924.953125,,
27930.578125,,
27936.203125,,
27941.8125,,
27953.046875,,
27958.671875,,
27964.296875,,
27969.90625,,
27975.53125,,
27981.140625,,
27986.765625,,
27992.375,,
27998.0,,
28003.625,,
28009.234375,,
28014.859375,,
28020.46875,,
28026.09375,,
28031.71875,,
28037.328125,,
28042.953125,,
28048.5625,,
28054.1875,,
28059.796875,,
28065.421875,,
28071.046875,,
28076.65625,,
28082.28125,,
28087.890625,,
28093.515625,,
28099.140625,,
28104.75,,
28110.375,,
28115.984375,,
28121.609375,,
28132.84375,,
28138.46875,,
28144.078125,,
28149.703125,,
28155.3125,,
28160.9375,,
28166.5625,,
28172.171875,,
28177.796875,,
28183.40625,,
28189.03125,,
28194.65625,,
28200.265625,,
28205.890625,,
28211.5,,
28217.125,,
28222.734375,,
28228.359375,,
28233.984375,,
28239.59375,,
28245.21875,,
28250.828125,,
28256.453125,,
28262.078125,,
28267.6875,,
28273.3125,,
28278.921875,,
28284.546875,,
28290.15625,,
28295.78125,,
28301.40625,,
28312.640625,,
28318.25,,
28323.875,,
28329.5,,
28335.109375,,
28340.734375,,
28346.34375,,
28351.96875,,
28357.59375,,
28363.203125,,
28368.828125,,
28374.4375,,
28380.0625,,
28385.671875,,
28391.296875,,
28396.921875,,
28402.53125,,
28408.15625,,
28413.765625,,
28419.390625,,
28425.015625,,
28430.625,,
28436.25,,
28441.859375,,
28447.484375,,
28453.09375,,
28458.71875,,
28464.34375,,
28469.953125,,
28475.578125,,
28481.1875,,
28492.4375,,
28498.046875,,
28503.671875,,
28509.28125,,
28514.90625,,
28520.53125,,
28526.140625,,
28531.765625,,
28537.375,,
28543.0,,
28548.609375,,
28554.234375,,
28559.859375,,
28565.46875,,
28571.09375,,
28576.703125,,
28582.328125,,
28587.953125,,
28593.5625,,
28599.1875,,
28604.796875,,
28610.421875,,
28616.03125,,
28621.65625,,
28627.28125,,
28632.890625,,
28638.515625,,
28644.125,,
28649.75,,
28655.375,,
28660.984375,,
28672.21875,,
28677.84375,,
28683.453125,,
28689.078125,,
28694.703125,,
28700.3125,,
28705.9375,,
28711.546875,,
28717.171875,,
28722.796875,,
28728.40625,,
28734.03125,,
28739.640625,,
28745.265625,,
28750.890625,,
28756.5,,
28762.125,,
28767.734375,,
28773.359375,,
28778.96875,,
28784.59375,,
28790.21875,,
28795.828125,,
28801.453125,,
28807.0625,,
28812.6875,,
28818.3125,,
28823.921875,,
28829.546875,,
28835.15625,,
28840.78125,,
28852.015625,,
28857.640625,,
28863.25,,
28868.875,,
28874.484375,,
28880.109375,,
28885.734375,,
28891.34375,,
28896.96875,,
28902.578125,,
28908.203125,,
28913.828125,,
28919.4375,,
28925.0625,,
28930.671875,,
28936.296875,,
28941.90625,,
28947.53125,,
28953.15625,,
28958.765625,,
28964.390625,,
28970.0,,
28975.625,,
28981.25,,
28986.859375,,
28992.484375,,
28998.09375,,
29003.71875,,
29009.328125,,
29014.953125,,
29020.578125,,
29031.8125,,
29037.421875,,
29043.046875,,
29048.671875,,
29054.28125,,
29059.90625,,
29065.515625,,
29071.140625,,
29076.75,,
29082.375,,
29088.0,,
29093.609375,,
29099.234375,,
29104.84375,,
29110.46875,,
29116.09375,,
29121.703125,,
29127.328125,,
29132.9375,,
29146.984375,10.042823791503906,255.993896484375
29205.984375,9.860733032226562,255.993896484375
29264.984375,,
29326.78125,9.4879150390625,255.98681640625
29385.78125,9.305824279785156,255.98681640625
29444.765625,,
29506.578125,8.933006286621094,255.98681640625
29565.5625,8.750961303710938,255.98681640625
29624.5625,,
29686.375,8.378089904785156,255.98681640625
29745.359375,8.196044921875,255.98681640625
29804.359375,,
29866.15625,7.8232269287109375,255.880859375
29925.15625,7.641136169433594,255.880859375
29984.15625,,
30045.953125,7.268318176269531,255.880859375
30104.953125,7.086219787597656,255.880859375
30163.9375,,
30225.75,6.713401794433594,249.78369140625
30284.734375,6.5313568115234375,253.384765625
30343.734375,,
30405.546875,6.1584930419921875,255.96923828125
30464.53125,5.976448059082031,255.96923828125
30523.53125,,
30585.328125,5.6036224365234375,29.38134765625
30644.328125,5.421531677246094,225.75
30658.375,,
30663.984375,,
30669.609375,,
30675.234375,,
30680.84375,,
30686.46875,,
30692.078125,,
30697.703125,,
30703.328125,,
30708.9375,,
30714.5625,,
30720.171875,,
30725.796875,,
30731.40625,,
30737.03125,,
30742.65625,,
30748.265625,,
30753.890625,,
30759.5,,
30770.75,,
30776.359375,,
30781.984375,,
30787.59375,,
30793.21875,,
30798.84375,,
30804.453125,,
30810.078125,,
30815.6875,,
30821.3125,,
30826.921875,,
30832.546875,,
30838.171875,,
30843.78125,,
30849.40625,,
30855.015625,,
30860.640625,,
30866.265625,,
30871.875,,
30877.5,,
30883.109375,,
30888.734375,,
30894.34375,,
30899.96875,,
30905.59375,,
30911.203125,,
30916.828125,,
30922.4375,,
30928.0625,,
30933.6875,,
30939.296875,,
30950.53125,,
30956.15625,,
30961.78125,,
30967.390625,,
30973.015625,,
30978.625,,
30984.25,,
30989.859375,,
30995.484375,,
31001.109375,,
31006.71875,,
31012.34375,,
31017.953125,,
31023.578125,,
31029.203125,,
31034.8125,,
31040.4375,,
31046.046875,,
31051.671875,,
31057.28125,,
31062.90625,,
31068.53125,,
31074.140625,,
31079.765625,,
31085.375,,
31091.0,,
31096.625,,
31102.234375,,
31107.859375,,
31113.46875,,
31119.09375,,
31130.328125,,
31135.953125,,
31141.5625,,
31147.1875,,
31152.796875,,
31158.421875,,
31164.046875,,
31169.65625,,
31175.28125,,
31180.890625,,
31186.515625,,
31192.140625,,
31197.75,,
31203.375,,
31208.984375,,
31214.609375,,
31220.21875,,
31225.84375,,
31231.46875,,
31237.078125,,
31242.703125,,
31248.3125,,
31253.9375,,
31259.5625,,
31265.171875,,
31270.796875,,
31276.40625,,
31282.03125,,
31287.640625,,
31293.265625,,
31298.890625,,
31310.125,,
31315.734375,,
31321.359375,,
31326.984375,,
31332.59375,,
31338.21875,,
31343.828125,,
31349.453125,,
31355.078125,,
31360.6875,,
31366.3125,,
31371.921875,,
31377.546875,,
31383.15625,,
31388.78125,,
31394.40625,,
31400.015625,,
31405.640625,,
31411.25,,
31416.875,,
31422.5,,
31428.109375,,
31433.734375,,
31439.34375,,
31444.96875,,
31450.578125,,
31456.203125,,
31461.828125,,
31467.4375,,
31473.0625,,
31478.671875,,
31489.921875,,
31495.53125,,
31501.15625,,
31506.765625,,
31512.390625,,
31518.0,,
31523.625,,
31529.25,,
31534.859375,,
31540.484375,,
31546.09375,,
31551.71875,,
31557.34375,,
31562.953125,,
31568.578125,,
31574.1875,,
31579.8125,,
31585.4375,,
31591.046875,,
31596.671875,,
31602.28125,,
31607.90625,,
31613.515625,,
31619.140625,,
31624.765625,,
31630.375,,
31636.0,,
31641.609375,,
31647.234375,,
31652.859375,,
31658.46875,,
31669.703125,,
31675.328125,,
31680.9375,,
31686.5625,,
31692.1875,,
31697.796875,,
31703.421875,,
31709.03125,,
31714.65625,,
31720.28125,,
31725.890625,,
31731.515625,,
31737.125,,
31742.75,,
31748.375,,
31753.984375,,
31759.609375,,
31765.21875,,
31770.84375,,
31776.453125,,
31782.078125,,
31787.703125,,
31793.3125,,
31798.9375,,
31804.546875,,
31810.171875,,
31815.796875,,
31821.40625,,
31827.03125,,
31832.640625,,
31838.265625,,
31849.5,,
31855.125,,
31860.734375,,
31866.359375,,
31871.96875,,
31877.59375,,
31883.21875,,
31888.828125,,
31894.453125,,
31900.0625,,
31905.6875,,
31911.296875,,
31916.921875,,
31922.546875,,
31928.15625,,
31933.78125,,
31939.390625,,
31945.015625,,
31950.640625,,
31956.25,,
31961.875,,
31967.484375,,
31973.109375,,
31978.734375,,
31984.34375,,
31989.96875,,
31995.578125,,
32001.203125,,
32006.8125,,
32012.4375,,
32018.0625,,
32029.296875,,
32034.90625,,
32040.53125,,
32046.15625,,
32051.765625,,
32057.390625,,
32063.0,,
32068.625,,
32074.234375,,
32079.859375,,
32085.484375,,
32091.09375,,
32096.71875,,
32102.328125,,
32107.953125,,
32113.578125,,
32119.1875,,
32124.8125,,
32130.421875,,
32136.046875,,
32141.671875,,
32147.28125,,
32152.90625,,
32158.515625,,
32164.140625,,
32169.75,,
32175.375,,
32181.0,,
32203.46875,0.6095123291015625,255.995361328125
32262.46875,,
32324.265625,0.2366943359375,251.072265625
32383.265625,0.05460357666015625,86.602783203125
32442.25,,
32504.0625,0.0,194.102783203125
32563.046875,0.0,216.40234375
32622.046875,,
32683.859375,0.0,237.38720703125
